Name,ID,Year,Yahoo Fantasy Points,IP,Hits,Strikeouts,Walks,Earned Runs,Wins,Losses,xba,xslg,woba,xwoba,xobp,xiso,exit_velocity_avg,launch_angle_avg,sweet_spot_percent,barrel_batted_rate,hard_hit_percent,avg_best_speed,avg_hyper_speed,whiff_percent,swing_percent
"Alcantara, Sandy",645261,2023,284.6,184.2,176,151,48,85,7,12,0.265,0.417,0.301,0.32,0.317,0.153,88.8,7,31.4,7,40.6,77.34873688,94.27589467,25.2,54.2
"Alcantara, Sandy",645261,2022,576.6,228.2,174,207,50,58,14,9,0.215,0.331,0.26,0.266,0.267,0.116,87.8,5.5,28.4,5.3,38.5,76.10610528,93.94754593,25.4,53.4
"Alcantara, Sandy",645261,2021,419.6,205.2,171,201,50,73,9,15,0.232,0.369,0.279,0.288,0.287,0.136,87.6,4.5,29.9,6.1,39.4,75.36583133,93.98363218,27.3,53.3
"Allard, Kolby",663465,2021,122.6,124.2,128,104,31,75,3,12,0.266,0.481,0.331,0.343,0.315,0.215,89.8,15.2,34.7,10.6,39,78.97326362,94.48775105,19.8,48.4
"Allen, Logan",671106,2023,208.3,125.1,127,119,48,53,7,8,0.257,0.413,0.326,0.323,0.325,0.156,88.9,12.6,34.2,7.6,39.1,77.88202857,94.24561284,24,47.7
"Alzolay, Adbert",640470,2021,189.6,125.2,112,128,34,64,5,13,0.249,0.451,0.312,0.326,0.306,0.203,89.3,10.8,33.8,9.9,38.1,78.27173835,94.33408853,26.8,49.3
"Anderson, Ian",666120,2021,268.3,128.1,105,124,53,51,9,5,0.24,0.41,0.293,0.317,0.317,0.17,88.3,6.4,29.4,9.5,38.7,76.27742889,94.24747997,28.5,46.1
"Anderson, Tyler",542881,2023,162,141,146,119,64,85,6,6,0.259,0.434,0.345,0.34,0.343,0.175,87,19.1,37.6,8.2,32.3,75.81805433,93.08464977,27.8,49.7
"Anderson, Tyler",542881,2022,441.6,178.2,145,138,34,51,15,5,0.225,0.349,0.271,0.275,0.272,0.124,85,16.9,34.2,4.9,28.5,73.22844707,92.35343174,24.2,52.7
"Anderson, Tyler",542881,2021,239,167,170,134,38,84,7,11,0.259,0.425,0.319,0.315,0.301,0.166,87,18.2,35.7,8.5,33,75.11269676,93.47153665,23.1,54.2
"Ashcraft, Graham",668933,2023,182.6,145.2,148,111,52,77,7,9,0.272,0.429,0.339,0.34,0.345,0.157,88.4,8.1,34,6.9,38.9,76.72041982,94.14381922,22.1,48.2
"Bassitt, Chris",605135,2023,431,200,176,186,59,80,16,8,0.241,0.405,0.304,0.31,0.306,0.164,87.5,13.2,36,8.3,35.3,75.81987463,93.66280941,21.9,47.3
"Bassitt, Chris",605135,2022,394.6,181.2,159,167,49,69,15,9,0.227,0.359,0.291,0.29,0.291,0.132,85.7,10.8,31.1,6.6,32.8,73.74009578,92.80273327,23.6,46.5
"Bassitt, Chris",605135,2021,394.3,157.1,127,159,39,55,12,4,0.227,0.362,0.274,0.286,0.288,0.135,87.6,12.5,32.9,6.5,33.2,76.7218207,93.22624024,23.8,47.7
"Bello, Brayan",678394,2023,250,157,165,132,45,74,12,11,0.253,0.411,0.334,0.315,0.31,0.158,89.5,4.9,28,7,44.3,78.00724417,94.76008503,24.4,48.4
"Berrios, Jose",621244,2023,367.6,189.2,173,184,52,77,11,12,0.261,0.437,0.302,0.326,0.318,0.176,88.2,11.8,39.1,8.6,35.8,77.33453026,93.5835612,25.4,46.5
"Berrios, Jose",621244,2022,246,172,199,149,45,100,12,7,0.275,0.466,0.35,0.346,0.329,0.191,90,13.9,36.3,9.5,43.8,79.057235,94.76496147,21.2,48.6
"Berrios, Jose",621244,2021,441,192,159,204,45,75,12,9,0.242,0.407,0.286,0.311,0.301,0.166,88.4,12.4,36.6,9.1,38.3,76.73079331,94.15129008,23.7,47
"Bibee, Tanner",676440,2023,336,142,122,141,45,47,10,4,0.235,0.376,0.285,0.297,0.3,0.14,88.9,16.6,37.8,6.1,38.1,78.01009352,94.07053338,26.3,47.2
"Bieber, Shane",669456,2023,225,128,124,107,34,54,6,6,0.284,0.446,0.307,0.336,0.332,0.163,91.6,9.5,34.4,7.8,47.8,81.65811974,95.36187707,24.2,46.1
"Bieber, Shane",669456,2022,487,200,172,198,36,64,13,8,0.245,0.386,0.269,0.292,0.281,0.141,89.9,10,32.4,7.2,43.1,79.51667091,94.35962549,29.7,49.7
"Bradish, Kyle",680694,2023,415.6,168.2,132,168,44,53,12,7,0.239,0.388,0.268,0.3,0.298,0.15,90,6.6,33.3,6.9,42,80.02399938,94.26840016,25.9,45.8
"Bradish, Kyle",680694,2022,154.6,117.2,119,111,46,64,4,7,0.253,0.404,0.334,0.327,0.331,0.15,89.9,8.7,31.4,7.8,41,79.16181211,94.57371783,23.6,45.4
"Brown, Hunter",686613,2023,245.6,155.2,157,178,55,88,11,13,0.24,0.414,0.34,0.318,0.314,0.174,90.8,6.9,30,10.9,44.4,80.71069057,94.87246225,24.8,46.4
"Brubaker, JT",664141,2022,173,144,157,147,54,75,3,12,0.257,0.413,0.339,0.329,0.33,0.157,89.6,10.8,36.2,7.6,41.3,78.58967184,94.55055457,27.3,46.4
"Brubaker, JT",664141,2021,153.3,124.1,123,129,37,74,5,13,0.252,0.44,0.34,0.329,0.318,0.188,88.9,12.6,33.4,8.8,38.7,77.57320337,94.26926766,27.3,47.5
"Bubic, Kris",663460,2022,68,129,156,110,63,80,3,13,0.286,0.455,0.371,0.362,0.367,0.169,90,10.7,41,7.8,44.9,78.94535465,94.90116666,21.3,47
"Bubic, Kris",663460,2021,191,130,121,114,59,64,6,7,0.255,0.456,0.337,0.349,0.344,0.2,88.8,9.1,34.8,9,39.6,77.28279973,94.2339008,23.4,44.8
"Buehler, Walker",621111,2021,578.6,207.2,149,212,52,57,16,4,0.218,0.345,0.255,0.272,0.274,0.127,88.2,11.1,29.2,6.8,37.1,76.92438808,93.91320166,26.3,49.2
"Bumgarner, Madison",518516,2022,146.6,158.2,179,112,49,86,7,15,0.276,0.488,0.357,0.358,0.337,0.211,90.3,16.8,37.7,9.8,43.2,79.789796,94.76478819,18.1,48.4
"Bumgarner, Madison",518516,2021,222.3,146.1,134,124,39,76,7,10,0.245,0.432,0.315,0.319,0.307,0.187,88.8,18.5,38,7.5,38.5,78.47256324,93.80493033,21.5,49
"Bundy, Dylan",605164,2022,183,140,151,94,28,76,8,8,0.263,0.44,0.329,0.321,0.3,0.177,88.9,18.6,35.3,8.9,38.3,77.75113841,94.19838449,21.1,52.2
"Burnes, Corbin",669203,2023,436.6,193.2,141,200,66,73,10,8,0.224,0.342,0.266,0.285,0.298,0.118,86.4,10.5,31,5.3,32.4,74.85654949,92.97463159,28.7,46.3
"Burnes, Corbin",669203,2022,542,202,144,243,51,66,12,8,0.212,0.336,0.267,0.273,0.275,0.124,87.2,10,31.6,5.7,34.1,75.64792823,93.40400004,35.2,46.2
"Burnes, Corbin",669203,2021,518,167,123,234,34,45,11,5,0.18,0.256,0.232,0.219,0.23,0.076,85.5,8.4,29.5,3.1,30.5,73.53457788,92.74946743,36.5,49.2
"Canning, Griffin",656288,2023,236,127,121,139,36,61,7,8,0.236,0.421,0.315,0.309,0.296,0.185,91,12.8,31.5,9.8,44.2,81.18228177,94.78103805,29.1,48.4
"Carrasco, Carlos",471911,2022,312,152,161,152,41,67,15,7,0.253,0.405,0.327,0.313,0.31,0.152,88.4,9.7,35.2,7,39.5,76.28136711,94.44608812,27.6,52.1
"Castillo, Luis",622491,2023,473,197,160,219,56,73,14,9,0.23,0.408,0.289,0.302,0.288,0.179,90,15.9,31,9.4,41.8,78.96020907,94.70960365,30.6,52.1
"Castillo, Luis",622491,2022,364.3,150.1,118,167,45,50,8,6,0.223,0.344,0.273,0.284,0.291,0.12,89,10.4,33.8,6.9,37.6,78.44329368,94.00447301,27.8,49.4
"Castillo, Luis",622491,2021,291.6,187.2,181,192,75,83,8,16,0.232,0.347,0.318,0.293,0.312,0.115,87.7,4.2,28.7,4.5,36.9,76.30269113,93.56548181,28.7,49.3
"Cease, Dylan",656302,2023,304,177,172,214,79,90,7,9,0.241,0.381,0.321,0.313,0.327,0.14,90,15.4,36.8,6.2,41.6,79.78860582,94.35501446,31,46.3
"Cease, Dylan",656302,2022,515,184,126,227,78,45,14,8,0.184,0.292,0.263,0.257,0.273,0.109,86.8,15,31.4,6.2,31.2,75.92510977,92.88299565,33.2,47.3
"Cease, Dylan",656302,2021,400.6,165.2,139,226,68,72,13,7,0.21,0.364,0.295,0.295,0.297,0.154,89.2,18.5,37,9.9,38.8,78.65144905,94.13969505,34.6,46.8
"Civale, Aaron",650644,2023,256.3,122.1,109,116,33,47,7,5,0.243,0.38,0.288,0.297,0.3,0.136,89,16,33.5,6.6,36.4,78.32191791,94.02557481,22.7,46.9
"Clevinger, Mike",605182,2023,232.3,131.1,121,110,40,55,9,9,0.239,0.403,0.312,0.312,0.307,0.164,88.1,21.4,34.9,7.2,35.9,77.25460072,93.56354382,23.2,49.1
"Cobb, Alex",502171,2023,254.3,151.1,163,131,37,65,7,7,0.278,0.444,0.325,0.333,0.326,0.167,89.8,1.3,33.1,7,43.4,78.16247498,94.95925757,21.7,44.9
"Cobb, Alex",502171,2022,274.6,149.2,152,151,43,62,7,8,0.235,0.329,0.296,0.277,0.291,0.094,89.2,1.8,26.3,3.7,41.1,78.45136024,94.15366109,24.8,45
"Cole, Gerrit",543037,2023,577,209,157,222,48,61,15,4,0.233,0.379,0.256,0.289,0.284,0.146,89.2,14.8,33.7,7.6,39.2,78.70316261,93.99608063,26,50.1
"Cole, Gerrit",543037,2022,522.6,200.2,154,257,50,78,13,8,0.214,0.383,0.283,0.284,0.266,0.169,89.4,12.6,32.5,9.5,40.2,78.80885412,94.22760613,33.9,48.2
"Cole, Gerrit",543037,2021,504.3,181.1,151,243,41,65,16,8,0.209,0.369,0.276,0.274,0.257,0.16,88.7,12.5,33,9.8,38.6,77.56552676,94.10560747,31.9,48.9
"Corbin, Patrick",571578,2023,164,180,210,124,57,104,10,15,0.303,0.518,0.353,0.373,0.356,0.214,90.7,11.7,37.9,9.3,44,80.19200081,94.92741557,21.2,45.7
"Corbin, Patrick",571578,2022,46.6,152.2,210,128,49,107,6,19,0.304,0.52,0.383,0.381,0.359,0.216,90.8,11.5,40.1,11,45,80.23480752,95.0735035,20.7,47.4
"Corbin, Patrick",571578,2021,147.6,171.2,192,143,60,111,9,16,0.282,0.493,0.362,0.358,0.342,0.211,89.4,9,32.9,9.2,41.2,78.14802091,94.63429959,24.8,47.9
"Cortes Jr., Nestor",641482,2022,445.3,158.1,108,163,38,43,12,4,0.204,0.32,0.245,0.257,0.256,0.115,87.9,19.2,34.2,5.3,34.7,77.30258073,93.29306617,24.4,50.5
"Crawford, Kutter",676710,2023,253.3,129.1,107,135,36,58,6,8,0.208,0.374,0.29,0.28,0.269,0.166,87.8,20.4,30.5,7.7,35.3,76.35521046,93.71216957,26.8,52.4
"Crowe, Wil",640444,2021,114.6,116.2,126,111,57,71,4,8,0.255,0.455,0.369,0.347,0.345,0.201,88.8,13.7,33.4,9.4,37.1,77.98115029,93.99425176,25.3,44.7
"Cueto, Johnny",456501,2022,254.3,158.1,161,102,33,59,8,10,0.263,0.408,0.31,0.311,0.305,0.145,87.7,13.3,33.7,7.3,35.9,76.29362242,93.65877503,17.6,49.8
"Darvish, Yu",506433,2023,225.3,136.1,134,141,42,69,8,10,0.242,0.375,0.321,0.302,0.308,0.133,88.4,13.7,33,6.8,38.2,77.26003358,93.94911879,25,46.4
"Darvish, Yu",506433,2022,500.6,194.2,148,197,37,67,16,8,0.226,0.388,0.259,0.291,0.275,0.161,88.5,17,31.2,8.8,37.1,77.84845981,93.61482387,25.1,49.7
"Darvish, Yu",506433,2021,344.3,166.1,138,199,44,78,8,11,0.208,0.376,0.301,0.282,0.269,0.168,88.2,16.6,35.1,8.8,34.9,78.08731436,93.20342995,27.3,47.6
"Davies, Zach",605200,2022,193.3,134.1,122,102,52,61,2,5,0.25,0.43,0.315,0.329,0.321,0.18,87.4,13,31.6,8,34.5,75.6872467,93.59693403,21.4,42.2
"Davies, Zach",605200,2021,101,148,162,114,75,95,6,12,0.293,0.487,0.366,0.375,0.379,0.193,89.8,11,36.2,9.1,43.3,78.66360878,94.68325686,22.3,43.2
"DeSclafani, Anthony",543101,2021,382.6,167.2,141,152,42,59,13,7,0.241,0.41,0.276,0.304,0.291,0.169,88.9,11.6,32.7,8.1,38.8,77.77843466,94.26452263,24,48.9
"Detmers, Reid",672282,2023,233.6,148.2,141,168,60,74,4,10,0.253,0.398,0.321,0.327,0.34,0.144,89.8,15.8,37.2,6.2,41.4,79.2733503,94.45708152,27.1,48.8
"Detmers, Reid",672282,2022,250,129,110,122,46,54,7,6,0.243,0.388,0.3,0.312,0.318,0.144,89.3,16.7,39.9,8,38.6,79.42641674,93.82983335,25.3,48.3
"Dunning, Dane",641540,2023,321.6,172.2,163,140,55,71,12,7,0.261,0.415,0.31,0.325,0.327,0.153,88.8,10.8,32.5,7.5,40.2,77.7592569,94.06919,22.2,47
"Dunning, Dane",641540,2022,204.3,153.1,158,137,62,76,4,8,0.25,0.4,0.344,0.327,0.332,0.15,87.9,5.4,30,8.9,38,75.65170802,94.08939507,24.4,44.4
"Dunning, Dane",641540,2021,153.6,117.2,126,114,43,59,5,10,0.265,0.419,0.336,0.333,0.338,0.154,89.2,6.7,31.4,8.1,43.5,77.8865937,94.65011525,23.2,46.3
"Eflin, Zach",621107,2023,437.6,177.2,158,186,24,69,16,8,0.222,0.378,0.276,0.27,0.252,0.157,87.5,9.1,29.2,9,35.1,75.55741481,93.73501605,24,49.9
"Elder, Bryce",693821,2023,319.6,174.2,160,128,63,74,12,4,0.264,0.416,0.309,0.329,0.335,0.153,89.9,8.5,32,6,41,79.50245455,94.39894727,23.5,46.3
"Eovaldi, Nathan",543135,2023,319,144,117,132,47,58,12,5,0.238,0.397,0.296,0.308,0.307,0.159,88.9,6.4,30.1,7.9,43.1,77.3149078,94.41575183,26.3,47.8
"Eovaldi, Nathan",543135,2021,382.3,182.1,182,195,35,76,11,9,0.238,0.366,0.298,0.283,0.281,0.127,88,12.8,37,6.3,36.4,76.96402586,93.6398384,25.9,51.6
"Fedde, Erick",607200,2022,69,127,149,94,58,82,6,13,0.283,0.451,0.362,0.356,0.356,0.167,89.5,13.4,34.9,8.1,43.5,78.2401011,94.65193275,18.3,43
"Fedde, Erick",607200,2021,163.3,133.1,144,128,48,81,7,9,0.263,0.456,0.34,0.337,0.328,0.193,89.8,7.3,31.1,9.3,40.6,78.49319753,94.76237309,21.9,44.9
"Flaherty, Jack",656427,2023,187.3,144.1,162,148,66,80,8,9,0.27,0.421,0.356,0.343,0.358,0.151,87.9,11.7,38.5,7.3,38.3,76.59566512,93.75944007,26.6,44
"Flexen, Chris",623167,2022,204.6,137.2,132,95,51,57,8,9,0.256,0.43,0.315,0.331,0.324,0.174,89.1,18.4,35.7,9,40,78.17888445,94.16594685,21.7,48.8
"Flexen, Chris",623167,2021,333.6,179.2,185,125,40,72,14,6,0.261,0.427,0.311,0.317,0.305,0.166,89.5,11.5,33.9,6.3,38.1,79.43513544,94.03063919,19.2,49.8
"Foltynewicz, Mike",592314,2021,121,139,139,97,36,84,2,12,0.266,0.49,0.355,0.349,0.323,0.224,89.8,16.1,37.2,9.2,43,78.83503621,94.82257023,18.3,47.4
"France, J.P.",641585,2023,233.3,136.1,138,101,47,58,11,6,0.267,0.454,0.319,0.337,0.328,0.187,89.6,13.1,33.9,8.1,38.7,79.32435423,94.10833457,21.9,44.9
"Freeland, Kyle",607536,2023,116.6,155.2,187,94,42,87,6,14,0.294,0.508,0.36,0.361,0.338,0.214,90.2,14.3,35,8.7,43.5,79.78008045,94.64855979,17.1,51
"Freeland, Kyle",607536,2022,221.6,174.2,193,131,53,88,9,11,0.271,0.457,0.346,0.347,0.337,0.186,89.8,12.7,35.2,9.7,42.4,79.40627579,94.45487619,20.8,47.5
"Freeland, Kyle",607536,2021,173.6,120.2,133,105,38,58,7,8,0.247,0.414,0.349,0.314,0.308,0.168,88.4,11.4,34.5,8.2,35.3,77.51781039,93.66971671,21.1,46.2
"Fried, Max",608331,2022,470.3,185.1,156,170,32,51,14,7,0.227,0.328,0.255,0.264,0.266,0.101,86.2,7.6,29.4,4,32.1,74.47691241,92.99622004,25.9,49.7
"Fried, Max",608331,2021,396.6,165.2,139,158,41,56,14,7,0.234,0.364,0.278,0.288,0.289,0.13,86.5,6.1,31.2,6.3,34.3,74.68684321,93.19241345,24.3,49
"Gallen, Zac",668678,2023,493,210,188,220,47,81,17,9,0.254,0.427,0.289,0.314,0.3,0.173,91.5,12.3,36.4,9.2,46.2,82.0249942,95.00387354,26.3,47.2
"Gallen, Zac",668678,2022,512,184,121,192,47,52,12,4,0.213,0.34,0.25,0.278,0.279,0.127,87.8,10.8,33,7.8,36.1,76.86662707,93.4526349,23,47.4
"Gallen, Zac",668678,2021,199.3,121.1,108,139,49,58,4,10,0.23,0.382,0.313,0.306,0.31,0.152,89.2,12.3,32.7,7.9,43,78.81064568,94.10607361,23.3,44.3
"Garcia, Luis",677651,2022,355.3,157.1,131,157,47,65,15,8,0.228,0.384,0.295,0.295,0.285,0.156,88.4,17.1,35.4,7.8,36.3,77.92819751,93.46698963,29.1,48.9
"Garcia, Luis",677651,2021,344.3,155.1,133,167,50,60,11,8,0.236,0.394,0.297,0.304,0.301,0.158,88.1,15.9,34.1,7.3,38.7,76.55956907,93.91783564,30.5,47.1
"Garrett, Braxton",666129,2023,330.6,159.2,154,156,29,65,9,7,0.275,0.441,0.307,0.328,0.318,0.167,90.2,7.4,32.2,7.8,45.1,78.93739891,95.01375896,25.3,47.2
"Gausman, Kevin",592332,2023,459,185,163,237,55,65,12,9,0.235,0.402,0.292,0.303,0.294,0.167,89.4,12.3,36.9,9.9,43.3,77.89758606,94.80319831,28.9,49.3
"Gausman, Kevin",592332,2022,391.6,174.2,188,205,28,65,12,10,0.242,0.38,0.304,0.285,0.272,0.138,89,12.2,38.1,8.1,38.5,78.19909234,94.02161158,29.4,55.9
"Gausman, Kevin",592332,2021,523,192,150,227,50,60,14,6,0.231,0.381,0.265,0.29,0.284,0.151,89.1,12.1,30.6,7.1,40.9,77.91491178,94.44768787,31.3,52.4
"Gibson, Kyle",502043,2023,308,192,198,157,55,101,15,9,0.27,0.446,0.326,0.335,0.325,0.176,89.7,8.2,33.4,7.6,44.5,78.37767336,94.78738079,25.3,45.6
"Gibson, Kyle",502043,2022,243.6,167.2,176,144,48,94,10,8,0.262,0.421,0.331,0.326,0.32,0.159,88.6,10.6,34.8,7.5,37.5,77.43554204,93.99225239,25.1,48.5
"Gibson, Kyle",502043,2021,334,182,158,155,64,75,10,9,0.241,0.367,0.293,0.302,0.313,0.127,88.8,7.4,30.6,4.9,39.1,78.00897805,93.96893676,24.9,44.8
"Gilbert, Logan",669302,2023,426.6,190.2,169,189,36,79,13,7,0.243,0.41,0.29,0.297,0.28,0.167,90.5,13.6,35,9,44.6,80.44648539,94.74616915,26.3,52.2
"Gilbert, Logan",669302,2022,413.6,185.2,170,174,49,66,13,6,0.253,0.408,0.299,0.314,0.308,0.154,91,14.6,37.6,7.1,45.6,80.91513212,95.05454381,24.2,50.3
"Gilbert, Logan",669302,2021,226.3,119.1,112,128,28,62,6,5,0.242,0.428,0.305,0.311,0.294,0.185,90.1,19.2,36.4,8.8,44.6,79.70808468,94.68491383,27.1,50.9
"Giolito, Lucas",608337,2023,279.3,184.1,169,204,73,100,8,15,0.24,0.445,0.339,0.329,0.318,0.205,89.2,18.5,33.3,11,41.6,77.97955087,94.42069162,28.8,46.8
"Giolito, Lucas",608337,2022,262.6,161.2,171,177,61,88,11,9,0.249,0.397,0.344,0.318,0.319,0.149,88.8,12.6,37.9,7.5,39,77.64293049,94.18580163,28.5,47.4
"Giolito, Lucas",608337,2021,409.6,178.2,145,201,51,70,11,9,0.221,0.362,0.288,0.28,0.278,0.141,87.7,18.3,37.4,6.7,34.2,76.8325559,93.32321793,32.2,50.5
"Gomber, Austin",596295,2023,127,139,164,87,43,85,9,9,0.292,0.5,0.368,0.362,0.346,0.207,90.5,12.8,31.3,8.9,44.3,79.77744665,94.9510922,19,47.5
"Gomber, Austin",596295,2022,132.6,124.2,137,95,34,77,5,7,0.267,0.44,0.347,0.33,0.316,0.173,88.1,12.4,35.7,8.5,35.9,77.12521704,93.70042296,21.9,49
"Gonzales, Marco",594835,2022,215,183,194,103,50,84,10,15,0.266,0.435,0.337,0.33,0.32,0.169,86.7,14.5,32.3,7.2,35,74.96857599,93.26515159,18.3,51
"Gonzales, Marco",594835,2021,264.3,143.1,125,108,42,63,10,6,0.257,0.483,0.321,0.341,0.317,0.226,88.1,20.6,37.4,11.4,37,76.73803423,93.8540911,20.4,48
"Gore, MacKenzie",669022,2023,219.3,136.1,134,151,57,67,7,10,0.261,0.472,0.339,0.347,0.334,0.212,89.9,14.5,35.1,12.1,43.7,78.41922712,94.96701245,27.9,48.5
"Gray, Jon",592351,2023,271.3,157.1,149,142,54,72,9,8,0.26,0.415,0.317,0.325,0.33,0.155,89.4,13.4,35.5,6.4,39.5,78.99116559,94.12679149,26.3,50.8
"Gray, Jon",592351,2022,259.3,127.1,105,134,39,56,7,7,0.23,0.367,0.292,0.295,0.296,0.137,88,11.1,34.8,6.1,38,76.50369577,93.82489522,25.9,48.9
"Gray, Jon",592351,2021,234,149,140,157,58,76,8,12,0.235,0.378,0.32,0.305,0.314,0.143,89,9.5,30.4,6.9,38.2,77.82646212,94.2422327,26.7,45.3
"Gray, Josiah",680686,2023,225,159,152,143,80,69,8,13,0.254,0.433,0.332,0.342,0.349,0.179,87.6,16.8,35,9.4,36.7,75.91230901,93.71081269,26.1,46.4
"Gray, Josiah",680686,2022,215.6,148.2,136,154,66,83,7,10,0.219,0.419,0.35,0.319,0.308,0.2,87.4,19.7,33.6,10.7,36.9,75.5972015,93.71546048,26.9,44.8
"Gray, Sonny",543243,2023,410,184,156,183,55,57,8,8,0.244,0.364,0.27,0.296,0.306,0.12,89.1,9.6,32.9,6.9,39.2,78.43519514,94.12646475,26,47.7
"Gray, Sonny",543243,2021,259.3,135.1,115,155,50,63,7,9,0.216,0.325,0.3,0.279,0.296,0.109,86.6,8.8,31.6,4.7,32.1,74.85722702,93.19272332,26.1,43
"Greene, Hunter",668881,2022,223.6,125.2,104,164,48,62,5,13,0.219,0.393,0.318,0.31,0.305,0.174,89.7,20.7,35.6,9.4,40.1,79.38068617,94.28472254,31.9,48.8
"Greinke, Zack",425844,2023,117.3,142.1,158,97,23,80,2,15,0.29,0.479,0.332,0.344,0.322,0.189,89.6,11.9,32.6,7.7,38.8,79.09991318,94.18276731,17.3,46.8
"Greinke, Zack",425844,2022,163,137,157,73,27,56,4,9,0.284,0.441,0.321,0.336,0.322,0.157,88.9,12.6,34.4,6.8,39.6,78.55494563,93.73829935,17.3,46.2
"Greinke, Zack",425844,2021,300,171,164,120,36,79,11,6,0.266,0.43,0.309,0.319,0.306,0.164,88.3,10.6,35.3,6.5,35.4,77.61619719,93.63562498,21.8,46
"Happ, J.A.",457918,2021,167.3,152.1,177,122,48,98,10,8,0.275,0.503,0.361,0.356,0.33,0.228,90.2,16.4,38.4,11.6,41.8,79.19937683,94.84715666,19.3,47.9
"Harvey, Matt",518774,2021,61.6,127.2,160,95,37,89,6,14,0.289,0.476,0.355,0.351,0.34,0.188,89.5,13.3,36.4,7.9,40.9,78.82042609,94.31455384,18.9,48
"Heaney, Andrew",571760,2023,273.3,147.1,143,151,60,68,10,6,0.24,0.429,0.335,0.327,0.323,0.189,90.1,14.8,31.4,10.2,38.6,80.11818885,94.26314344,26.4,48.2
"Heaney, Andrew",571760,2021,193.6,129.2,130,150,41,84,8,9,0.237,0.431,0.341,0.318,0.303,0.193,89.3,18.5,33.8,9.4,40.8,78.77852433,94.07002713,28.2,48.7
"Hendricks, Kyle",543294,2023,215,137,138,93,27,57,6,8,0.269,0.414,0.296,0.313,0.308,0.145,85.2,11.2,33.7,6.2,31.5,72.3316,93.05979777,21.1,46.7
"Hendricks, Kyle",543294,2021,273,181,200,131,44,96,14,7,0.276,0.455,0.345,0.339,0.329,0.179,86.3,11.1,37.4,8.4,33,74.20527837,93.21796525,20.1,48.6
"Hill, Rich",448179,2023,138.3,146.1,165,129,58,88,8,14,0.281,0.481,0.359,0.36,0.352,0.2,89.4,14.3,37.3,10.1,39.9,78.8506176,94.13526784,19.3,45.4
"Hill, Rich",448179,2022,206.3,124.1,125,109,37,59,8,7,0.24,0.411,0.325,0.313,0.3,0.171,88.2,14.9,31.6,8.2,34,77.42295346,93.66661046,22,47.4
"Hill, Rich",448179,2021,291.6,158.2,137,150,55,68,7,8,0.24,0.414,0.313,0.323,0.323,0.174,88.3,18,37,8.9,34.8,77.36684447,93.71779395,23.1,46.1
"Houser, Adrian",605288,2021,267.3,142.1,118,105,64,51,10,6,0.24,0.359,0.297,0.312,0.334,0.119,87.1,1.4,28.1,5,36,75.18679829,93.59679932,18.4,44.4
"Hudson, Dakota",641712,2022,160.6,139.2,141,78,61,69,8,7,0.276,0.409,0.326,0.343,0.361,0.133,89,6.3,31.7,6,40.4,77.56953556,94.4102429,17.6,44
"Irvin, Cole",608344,2022,281,181,174,128,36,80,9,13,0.258,0.451,0.306,0.324,0.301,0.192,89.4,15.5,36.1,9.6,39.5,79.40257422,93.91250751,20.5,52
"Irvin, Cole",608344,2021,229.3,178.1,195,125,42,84,10,15,0.281,0.445,0.323,0.338,0.331,0.164,89.3,16.2,35.9,7.3,39.3,78.89051242,94.04823884,19.2,52
"Irvin, Jake",663623,2023,146,121,118,99,54,62,3,7,0.259,0.446,0.335,0.345,0.345,0.187,90.4,14.7,33.1,10.3,39.6,80.19321484,94.67182425,17.8,43.7
"Javier, Cristian",664299,2023,301,162,143,159,62,82,10,5,0.23,0.443,0.317,0.323,0.307,0.213,89.1,23.8,38.1,9.4,38.3,78.87717522,93.87623145,27.1,48
"Javier, Cristian",664299,2022,423.6,148.2,89,194,52,42,11,9,0.168,0.286,0.251,0.244,0.25,0.118,88.4,25.4,31.2,7.2,33.6,78.61921238,93.1834985,30.4,49.2
"Kaprielian, James",621076,2022,174,134,121,98,59,63,5,9,0.254,0.415,0.322,0.331,0.336,0.162,88.4,16.9,34.2,8,36.4,77.85101337,93.6185191,21.2,47.8
"Kaprielian, James",621076,2021,241.3,119.1,105,123,41,54,8,5,0.239,0.437,0.314,0.324,0.309,0.198,90.1,19,37.5,9.3,42.3,79.6980835,94.61620607,27.2,45.7
"Keller, Brad",641745,2022,111.6,139.2,153,102,57,79,6,14,0.256,0.405,0.337,0.323,0.327,0.149,89.3,6.7,28.7,6.6,41.4,78.15085467,94.3547437,21.5,48.8
"Keller, Brad",641745,2021,117.6,133.2,158,120,64,80,8,12,0.292,0.505,0.358,0.38,0.374,0.213,90,7.9,37,10.9,45,78.65370617,95.05037632,22.2,44.8
"Keller, Mitch",656605,2023,388.3,194.1,187,210,55,91,13,9,0.251,0.404,0.31,0.315,0.313,0.153,87.7,10.3,36.5,8.6,35.6,75.95374952,93.73517624,23.2,47.8
"Keller, Mitch",656605,2022,220,159,162,138,60,69,5,12,0.253,0.383,0.323,0.318,0.331,0.13,87.9,7.8,33.3,7.1,37.3,75.97761515,94.08524257,21.4,45.6
"Kelly, Merrill",518876,2023,397.6,177.2,143,187,68,65,12,8,0.244,0.389,0.294,0.313,0.32,0.145,89.6,11.8,35.1,7.8,41.8,78.63139686,94.55945668,27,49.1
"Kelly, Merrill",518876,2022,424.3,200.1,167,177,61,75,13,8,0.23,0.383,0.289,0.296,0.291,0.153,88.5,14,31.2,8.3,36.5,77.98340694,93.65341297,23.6,48.5
"Kelly, Merrill",518876,2021,224,158,163,130,41,78,7,11,0.271,0.432,0.319,0.324,0.319,0.161,89,12.9,33.1,6.3,39.6,78.35507626,94.14383223,20.3,49.2
"Kershaw, Clayton",477132,2023,358.6,131.2,100,137,40,36,13,5,0.232,0.393,0.28,0.3,0.295,0.161,89,11.8,34.7,9,39.1,77.97043795,94.20990047,28,49.6
"Keuchel, Dallas",572971,2021,143,162,189,95,59,95,9,9,0.302,0.493,0.356,0.372,0.366,0.191,88.3,5,34.4,9,39.8,76.12819018,94.34626939,21,44.2
"Kikuchi, Yusei",579328,2023,350.6,167.2,165,181,48,72,11,6,0.249,0.434,0.319,0.319,0.305,0.185,90.5,13.3,37.7,9,42.4,80.86269766,94.43232426,28,48.7
"Kikuchi, Yusei",579328,2021,263,157,145,163,62,77,7,9,0.261,0.463,0.325,0.347,0.336,0.202,91.9,7.9,37.4,11,47,81.84185302,95.50386774,27.7,48.5
"Kirby, George",669923,2023,417.6,190.2,179,172,19,71,13,10,0.262,0.425,0.284,0.305,0.286,0.163,89.2,12.4,32,7.5,40.9,78.35045527,94.24979479,22.9,54.5
"Kirby, George",669923,2022,283,130,135,133,22,49,8,5,0.233,0.379,0.302,0.284,0.271,0.146,89.3,11.3,31.4,8.9,38.7,78.65593819,94.14682811,21.2,52.6
"Kluber, Corey",446372,2022,274,164,178,139,21,79,10,10,0.261,0.416,0.316,0.31,0.293,0.155,87.1,18.5,35.8,6.9,34.7,75.47098145,93.38988869,23.9,51.2
"Kopech, Michael",656629,2023,124.3,129.1,115,134,91,78,5,12,0.24,0.454,0.363,0.363,0.371,0.214,90.3,17.8,31.6,12.7,42.4,79.99523364,94.72003952,26.9,42.1
"Kremer, Dean",665152,2023,329.6,172.2,171,157,55,79,13,5,0.27,0.457,0.317,0.339,0.329,0.188,89.7,12.7,36.9,8.9,40.3,79.05229775,94.3937839,24,47.7
"Kremer, Dean",665152,2022,220.3,125.1,123,87,34,45,8,7,0.265,0.423,0.312,0.327,0.321,0.158,88.4,14.7,36.6,7.3,39.2,76.97000358,94.02018524,22.2,50.7
"Kuhl, Chad",641771,2022,109,137,155,110,58,87,6,11,0.272,0.466,0.368,0.352,0.345,0.194,90.5,15.8,36,9.7,44.6,79.62490914,95.09870475,23.6,45.5
"Lauer, Eric",641778,2022,327.6,158.2,135,157,59,65,11,7,0.24,0.393,0.31,0.311,0.311,0.154,88.8,17.7,35.8,8,38,78.14281157,93.89419522,24.2,46.6
"Lester, Jon",452657,2021,157.3,141.1,159,91,55,74,7,6,0.274,0.453,0.352,0.343,0.342,0.179,88.3,10.4,33.5,7.7,37.2,76.81055068,93.9767996,20,46.4
"Lopez, Jorge",605347,2021,58.6,121.2,142,112,56,82,3,14,0.275,0.449,0.369,0.353,0.36,0.174,89.7,5.7,35,9.3,43.5,77.7780908,95.19076824,20.6,43.7
"Lopez, Pablo",641154,2023,449,194,176,234,48,79,11,8,0.217,0.34,0.294,0.269,0.272,0.124,87.1,12.6,32.4,6.3,34.8,75.93451778,93.23584819,30.3,51.7
"Lopez, Pablo",641154,2022,354,180,157,174,53,75,10,10,0.239,0.378,0.305,0.301,0.302,0.138,87.9,11,33.7,9,35.1,76.34179277,93.75402982,28.1,49.6
"Lorenzen, Michael",547179,2023,243,153,138,111,47,71,9,9,0.259,0.442,0.304,0.327,0.316,0.183,90,13.8,33.9,8,40.2,80.11625707,94.29566996,21.6,49.4
"Lugo, Seth",607625,2023,291.3,146.1,140,140,36,58,8,7,0.26,0.444,0.306,0.323,0.308,0.184,90.7,9.9,34.6,9.6,44.2,80.52290576,94.83782123,21.8,46.3
"Luzardo, Jesus",666200,2023,383.6,178.2,162,208,55,71,10,10,0.235,0.41,0.307,0.307,0.298,0.176,89.5,14.5,34.7,9.5,40,78.47433885,94.42147959,31.4,48.6
"Lyles, Jordan",543475,2023,127.6,177.2,176,120,45,124,6,17,0.265,0.481,0.34,0.34,0.314,0.216,89,19.8,34.6,9.9,35.5,78.64685804,93.74966533,20.1,48.1
"Lyles, Jordan",543475,2022,262,179,196,144,52,88,12,11,0.267,0.452,0.341,0.34,0.325,0.184,88.6,15.3,35.1,10.4,38.8,77.39818535,94.09386727,21.9,46.3
"Lyles, Jordan",543475,2021,215,180,194,146,56,103,10,13,0.275,0.482,0.354,0.351,0.334,0.207,89.9,15.3,35.5,9.1,41.6,79.61864405,94.39002909,23.5,48.2
"Lynch IV, Daniel",663738,2022,113.6,131.2,155,122,52,75,4,13,0.277,0.45,0.352,0.345,0.343,0.174,91.2,12.8,33.7,8.8,47.7,80.58425548,95.40019779,25.4,49.9
"Lynn, Lance",458681,2023,260.6,183.2,189,191,67,117,13,11,0.252,0.461,0.347,0.337,0.322,0.209,88.7,17,35.2,10.4,39.3,77.06547687,94.31393619,28.7,50.1
"Lynn, Lance",458681,2022,246.6,121.2,119,124,19,54,8,7,0.243,0.387,0.304,0.296,0.286,0.144,88.4,14.2,34.3,6.7,38.7,77.36672157,93.83356994,28.5,52.3
"Lynn, Lance",458681,2021,410,157,123,176,45,47,11,6,0.198,0.322,0.264,0.256,0.258,0.124,87.7,16,31.7,5.8,36,76.55306905,93.44617103,26.3,50.2
"Mahle, Tyler",641816,2022,211.6,120.2,104,126,43,59,6,8,0.214,0.358,0.303,0.291,0.288,0.144,88.7,17.9,31.9,7.5,38.3,78.29976164,93.70062371,26.8,45.3
"Mahle, Tyler",641816,2021,413,180,158,210,64,75,13,6,0.229,0.362,0.308,0.298,0.305,0.134,87.8,13.3,34.1,6.5,34.3,77.10702233,93.35744402,28.4,45.2
"Manaea, Sean",640455,2022,246,158,155,156,50,87,8,9,0.24,0.407,0.33,0.312,0.301,0.167,90.3,16.3,32.7,9.1,42.9,80.03148238,94.54285236,25.5,51.4
"Manaea, Sean",640455,2021,360.3,179.1,179,194,41,78,11,10,0.249,0.419,0.31,0.312,0.3,0.17,90.2,13.3,34.5,8,41.2,79.63434194,94.77189414,27.1,51.5
"Manoah, Alek",666201,2022,520.6,196.2,144,180,51,49,16,7,0.224,0.343,0.261,0.284,0.29,0.118,87.5,16.9,33,5.4,31.5,77.16247232,92.94156081,24.8,49.5
"Marquez, German",608566,2022,225.6,181.2,185,150,63,100,9,13,0.256,0.424,0.341,0.327,0.321,0.167,90.5,9.1,35.8,7.1,47.2,80.24238412,94.97497744,23,49.7
"Marquez, German",608566,2021,316,180,165,176,64,88,12,11,0.25,0.39,0.303,0.31,0.319,0.14,88.9,5.2,32.5,5.3,39.3,78.13127679,94.09814427,27,47.8
"Matz, Steven",571927,2021,300.6,150.2,158,144,43,64,14,7,0.253,0.396,0.315,0.31,0.309,0.143,87.8,9.6,32.2,7,37.9,76.96236168,93.44016486,22.3,46.9
"McClanahan, Shane",663556,2022,465.3,166.1,116,194,37,47,12,8,0.207,0.332,0.248,0.261,0.257,0.126,87.6,8.3,31.6,6.4,32.6,76.83828831,93.27040269,34.3,49.5
"McClanahan, Shane",663556,2021,279.3,123.1,120,141,37,47,10,6,0.263,0.436,0.304,0.328,0.319,0.173,91.7,8.5,36.8,10.7,45.7,80.85253521,95.6408387,32,50.2
"McCullers Jr., Lance",621121,2021,399.3,162.1,122,185,76,57,13,5,0.208,0.314,0.283,0.284,0.308,0.106,89.8,5.1,25.9,5.3,40.7,79.44787034,94.33949129,30.2,41.6
"McKenzie, Triston",663474,2022,455.3,191.1,138,190,44,63,11,11,0.222,0.397,0.268,0.293,0.274,0.175,90.2,19.7,37.3,9.8,40.6,80.39322633,94.25323992,26.7,52.7
"Means, John",607644,2021,288.6,146.2,125,134,26,59,6,9,0.242,0.441,0.294,0.309,0.281,0.199,87.9,20.3,37.1,10.1,37.8,76.21226081,93.84553761,25.3,50.5
"Megill, Tylor",656731,2023,157.3,126.1,141,105,58,66,9,8,0.283,0.479,0.35,0.365,0.364,0.196,89.8,11.7,37,9.1,42.6,78.86975655,94.66349975,23.3,44.9
"Mikolas, Miles",571945,2023,241.3,201.1,226,137,39,107,9,13,0.291,0.499,0.33,0.354,0.329,0.207,90.4,15,38.9,9.8,43,80.24284554,94.59317701,16.7,49.7
"Mikolas, Miles",571945,2022,397.3,202.1,170,153,39,74,12,13,0.252,0.4,0.279,0.306,0.294,0.148,87.8,11,35.1,6.9,36,76.74785674,93.48510674,18.5,48.9
"Miley, Wade",489119,2021,301,163,166,125,50,61,12,7,0.252,0.398,0.317,0.311,0.311,0.146,85.7,8,31.8,6.1,34.2,73.01265402,93.17340682,23.7,47.5
"Miller, Bobby",676272,2023,285.3,124.1,105,119,32,52,11,4,0.229,0.355,0.283,0.286,0.29,0.126,88.3,10.3,33.3,6,37.6,77.30412302,93.81218006,26.7,48.2
"Miller, Bryce",682243,2023,241.3,131.1,124,119,26,63,8,7,0.27,0.468,0.309,0.337,0.315,0.198,90.7,17.8,38.7,10.9,42.1,80.53381937,94.75094644,24.1,52.8
"Mills, Alec",621219,2021,134,119,137,87,34,67,6,7,0.28,0.429,0.343,0.334,0.337,0.149,88.3,7.8,33.2,4.9,39.3,77.08302052,93.92639877,18.3,46
"Minor, Mike",501985,2021,228.6,158.2,156,149,41,89,8,12,0.245,0.449,0.321,0.32,0.297,0.204,88.5,16.5,35,9.3,35.9,77.6665606,93.73122073,24.3,48.7
"Mize, Casey",663554,2021,263.3,150.1,130,118,41,62,7,9,0.254,0.462,0.308,0.338,0.319,0.208,89.1,9.3,33,10,40,77.92038218,94.37112089,22.6,45.8
"Montas, Frankie",593423,2022,229.3,144.1,137,142,43,65,5,12,0.242,0.396,0.309,0.31,0.305,0.155,87.6,11.2,31.8,8,34.2,76.30654853,93.49106514,27.6,51.3
"Montas, Frankie",593423,2021,427,187,164,207,57,70,13,9,0.237,0.404,0.29,0.307,0.3,0.167,89.3,11.6,34.4,8.7,42.3,77.99683542,94.57887986,29.6,50.5
"Montgomery, Jordan",656756,2023,366.6,188.2,177,166,48,67,10,11,0.253,0.408,0.298,0.308,0.303,0.155,88.3,12,36.3,7.5,37.9,77.15494714,93.9031783,25.9,47.6
"Montgomery, Jordan",656756,2022,374.3,178.1,159,158,36,69,9,6,0.258,0.4,0.291,0.31,0.303,0.143,88.5,9.8,34.1,7.1,37.5,77.80343638,93.69393645,27.4,50.6
"Montgomery, Jordan",656756,2021,293.3,157.1,150,162,51,67,6,7,0.248,0.404,0.299,0.31,0.307,0.156,87.9,12.1,35.4,7.4,36.5,76.20211733,93.84232457,29,50.4
"Morton, Charlie",450203,2023,317.3,163.1,150,183,83,66,14,12,0.248,0.399,0.318,0.33,0.348,0.151,88.9,9.9,36.8,7.8,39.1,77.30793493,94.40007395,32.2,42.9
"Morton, Charlie",450203,2022,358,172,149,205,63,83,9,6,0.228,0.389,0.32,0.314,0.314,0.161,89.3,13.6,38,9.5,42.1,78.11165722,94.4304903,29.2,45.6
"Morton, Charlie",450203,2021,479.6,185.2,136,216,58,69,14,6,0.217,0.332,0.264,0.282,0.295,0.115,88.1,7.7,29.9,4.9,32.5,77.62626009,93.3689704,28.9,46
"Musgrove, Joe",605397,2022,428,181,154,184,42,59,10,7,0.225,0.35,0.292,0.282,0.284,0.126,86.4,11.7,34.7,6,32.5,74.71748037,93.04808432,25.5,46.5
"Musgrove, Joe",605397,2021,432.3,181.1,142,203,54,64,11,9,0.236,0.387,0.284,0.304,0.309,0.151,87.8,11.6,33.8,7.2,38.5,76.74607365,93.54020873,29.3,46.9
"Nelson, Ryne",669194,2023,153,144,159,96,46,85,8,8,0.269,0.488,0.357,0.349,0.325,0.22,90.8,16.2,37.1,11.6,42.7,80.70390881,94.89792153,20.3,49.8
"Nola, Aaron",605400,2023,381.6,193.2,178,202,45,96,12,9,0.24,0.407,0.303,0.298,0.284,0.167,89.3,12.7,36.3,8.3,38.5,78.53543572,94.14339004,26,49.3
"Nola, Aaron",605400,2022,495,205,168,235,29,74,11,13,0.211,0.34,0.264,0.259,0.248,0.129,87.7,12.5,34.3,7.1,31.6,77.46537601,93.04416202,27.9,49.5
"Nola, Aaron",605400,2021,373.6,180.2,165,223,39,93,9,9,0.223,0.378,0.297,0.283,0.273,0.155,88.9,14.4,33.3,7.1,37.4,78.08015979,94.04703055,27.9,49.2
"Ober, Bailey",641927,2023,324.3,144.1,125,146,29,55,8,6,0.226,0.412,0.294,0.295,0.274,0.186,88.2,20,33.4,9.6,35.7,77.74015929,93.49078292,28.7,53.1
"Ohtani, Shohei",660271,2023,356,132,85,167,55,46,10,5,0.206,0.377,0.277,0.302,0.305,0.171,86.4,11.5,34,10.1,35,73.9743325,93.44273591,30.8,46.7
"Ohtani, Shohei",660271,2022,493,166,124,219,44,43,15,9,0.204,0.311,0.255,0.256,0.26,0.107,87.1,14.5,32,6.3,33.2,76.02869259,93.1792931,33,49
"Ohtani, Shohei",660271,2021,347.3,130.1,98,156,44,46,9,2,0.207,0.344,0.279,0.282,0.288,0.137,88.4,11.7,31.9,7.1,39.9,76.76176931,94.11386959,28.9,48
"Otto Jr., Glenn",657248,2022,176.6,135.2,119,107,62,70,7,10,0.247,0.424,0.325,0.343,0.345,0.177,89,13.2,34.2,8.9,38.1,78.07639538,94.1259466,23.1,45.2
"Oviedo, Johan",670912,2023,250.6,177.2,161,158,83,85,9,14,0.249,0.402,0.319,0.329,0.342,0.154,88.6,11.9,32.2,7.6,40.2,77.1847736,94.17368787,26,46.5
"Peralta, Freddy",642547,2023,388.6,165.2,131,210,54,71,12,10,0.214,0.361,0.291,0.284,0.284,0.146,87.6,14.6,32.3,8.6,37.7,75.95279552,93.70498193,33.6,47.8
"Peralta, Freddy",642547,2021,422.3,144.1,84,195,56,45,10,5,0.174,0.289,0.252,0.253,0.269,0.115,86.6,21.4,33.3,6,31.8,75.49127397,92.8484366,34.1,45.6
"Perez, Martin",527048,2023,207.6,141.2,150,93,49,70,10,4,0.272,0.447,0.335,0.338,0.334,0.175,89,10.9,33.1,7.6,37.2,78.33907544,93.95053239,17.2,45.3
"Perez, Martin",527048,2022,404.3,196.1,178,169,69,63,12,8,0.242,0.347,0.289,0.295,0.311,0.105,88.2,8.1,30.9,4.3,34.9,77.42293904,93.58127873,21,44.5
"Perez, Martin",527048,2021,142,114,136,97,36,60,7,8,0.28,0.47,0.358,0.356,0.345,0.19,88.6,10.2,40.3,9.3,42.2,77.07690702,94.2232368,19.3,46
"Pivetta, Nick",601713,2023,326.6,142.2,110,183,50,64,10,9,0.223,0.414,0.296,0.308,0.297,0.192,90.5,13.4,40.1,11.8,43.8,80.32762116,94.78097613,29.6,48.9
"Pivetta, Nick",601713,2022,272.6,179.2,175,175,73,91,10,12,0.248,0.433,0.33,0.332,0.324,0.185,90.7,15.2,36.3,9,45.6,80.45020734,94.88258417,23.5,47.6
"Pivetta, Nick",601713,2021,287,155,137,175,65,78,9,8,0.219,0.385,0.316,0.301,0.302,0.166,89.7,16.7,33.4,8.2,40.4,79.55017073,94.06924782,24.6,48.1
"Plesac, Zach",668676,2022,148.6,131.2,136,100,38,63,3,12,0.278,0.474,0.324,0.351,0.333,0.196,89.5,13,37.6,9.6,41.5,78.80996578,94.24041166,22,51.5
"Plesac, Zach",668676,2021,227.6,142.2,137,100,34,74,10,6,0.255,0.455,0.314,0.325,0.305,0.201,90.6,12.1,32.2,9.4,43.4,80.35574652,94.85029801,23.1,51
"Quantrill, Cal",615698,2022,371.3,186.1,178,128,47,70,15,5,0.258,0.417,0.305,0.321,0.313,0.159,87.6,13.8,33.3,7.5,35.7,76.14561017,93.60890725,18.5,48.7
"Quantrill, Cal",615698,2021,321.6,149.2,129,121,47,48,8,3,0.244,0.387,0.296,0.308,0.312,0.144,87.6,12.2,31.4,6.8,34.5,76.45877706,93.41210932,21.9,47
"Quintana, Jose",500779,2022,318.6,165.2,154,137,47,54,6,7,0.257,0.377,0.286,0.305,0.312,0.12,86.5,9.9,34.4,5.5,35.8,74.43882691,93.29990891,23.8,47.9
"Rasmussen, Drew",656876,2022,339,146,121,125,31,46,11,7,0.238,0.375,0.27,0.29,0.283,0.137,88.9,10.1,31.2,6.6,39.2,78.48358024,93.89397239,25.3,52.9
"Ray, Robbie",592662,2022,398,189,163,212,62,78,12,12,0.223,0.373,0.315,0.295,0.292,0.15,89.7,14.7,34,7.9,39.1,79.38448151,94.31291922,30,51.5
"Ray, Robbie",592662,2021,533.3,193.1,150,248,52,61,13,7,0.219,0.398,0.287,0.293,0.276,0.18,90.4,17.6,34.3,9.8,43.1,79.56792391,94.91851891,32.3,52
"Rea, Colin",607067,2023,208.6,124.2,110,110,38,63,6,6,0.253,0.432,0.313,0.323,0.314,0.179,90.4,13,34.5,7.7,43.3,79.91455422,94.82878625,24,47.9
"Richards, Garrett",572070,2021,152.6,136.2,158,115,60,74,7,8,0.285,0.465,0.356,0.357,0.359,0.18,91.1,10.6,34.6,8.5,47.8,80.14089972,95.49333002,22.4,48.9
"Rodon, Carlos",607074,2022,504,178,131,237,52,57,14,8,0.198,0.309,0.255,0.254,0.259,0.111,89,19.4,33.6,6.5,39.8,79.1310042,93.6987685,31.2,49.8
"Rodon, Carlos",607074,2021,424.6,132.2,91,185,36,35,13,5,0.189,0.314,0.247,0.254,0.256,0.126,89.2,18.7,29.9,6.6,36.2,78.53540127,94.0230923,33.2,50.5
"Rodriguez, Eduardo",593958,2023,331.6,152.2,128,143,48,56,13,9,0.247,0.397,0.284,0.31,0.311,0.15,88.6,13.8,31.4,7.5,38.5,76.99068462,94.24786955,23.8,47.8
"Rodriguez, Eduardo",593958,2021,296.6,157.2,172,185,47,83,13,8,0.233,0.366,0.33,0.288,0.289,0.133,86.5,12.3,37.4,6.8,33.6,74.68089854,93.1369414,26.3,48.7
"Rodriguez, Grayson",680570,2023,229,122,121,129,42,59,7,4,0.255,0.407,0.32,0.316,0.318,0.151,89.8,10.4,33.4,7.3,43.7,79.61343345,94.42256285,26.3,50.4
"Rogers, Trevor",669432,2021,320,133,107,157,46,39,7,8,0.223,0.343,0.27,0.284,0.296,0.12,87.7,12.5,34.9,5,36.7,75.95643856,93.76858356,30.7,49.4
"Ryan, Joe",657746,2023,334.6,161.2,155,197,34,81,11,10,0.224,0.403,0.316,0.291,0.271,0.179,90,20.4,34,8.7,41.6,79.79898749,94.41233744,26.8,55.1
"Ryan, Joe",657746,2022,339,147,115,151,47,58,13,8,0.215,0.373,0.294,0.294,0.289,0.158,88.2,24.2,36.1,8.6,35.4,77.49205072,93.60172415,25.6,51
"Ryu, Hyun Jin",547943,2021,299,169,170,143,37,82,14,10,0.265,0.44,0.313,0.322,0.306,0.175,89.6,9.8,33.7,8.5,41.6,78.8987518,94.36483723,22.6,47.5
"Sandoval, Patrick",663776,2023,179.6,144.2,145,128,74,66,7,13,0.261,0.403,0.318,0.333,0.351,0.142,87.6,9.4,38,7,35.1,76.33447694,93.45607915,27.7,46.6
"Sandoval, Patrick",663776,2022,285.6,148.2,139,151,60,48,6,9,0.245,0.359,0.294,0.307,0.323,0.114,87.3,11.4,31.6,5.7,34,76.41826296,93.07917573,29.5,48.2
"Scherzer, Max",453286,2023,366.6,152.2,126,174,45,64,13,6,0.207,0.375,0.298,0.281,0.269,0.168,88.5,20.2,32.2,8.5,36.9,77.75141687,93.79083365,28.6,51
"Scherzer, Max",453286,2022,432.3,145.1,108,173,24,37,11,5,0.202,0.339,0.254,0.265,0.253,0.137,87.8,21.3,32.2,8.4,33.9,76.73944477,93.46801894,30.6,52.2
"Scherzer, Max",453286,2021,575.3,179.1,119,236,36,49,15,4,0.196,0.353,0.248,0.263,0.249,0.157,87.9,19.3,33.6,8,34.3,76.6206964,93.69475598,34.1,50.6
"Schmidt, Clarke",657376,2023,247,159,169,149,46,82,9,9,0.256,0.418,0.334,0.32,0.316,0.162,89.2,13.8,31.1,7.6,41,77.79197595,94.39970499,22.6,47.1
"Sears, JP",676664,2023,240.3,172.1,165,161,53,87,5,14,0.245,0.448,0.335,0.33,0.316,0.203,88.6,22.6,32.7,11.1,38.4,77.25363428,94.08495204,24.7,51
"Senga, Kodai",673540,2023,412.3,166.1,126,202,77,55,12,7,0.225,0.365,0.282,0.304,0.316,0.14,89,12.8,31.5,6.8,40.6,77.90131103,94.28481415,29.7,45.2
"Senzatela, Antonio",622608,2021,179.6,156.2,178,105,32,77,4,10,0.273,0.414,0.323,0.319,0.317,0.141,90.4,8.1,30.7,5.9,42.7,79.74240012,94.8618677,19.5,48.1
"Singer, Brady",663903,2023,168.6,159.2,182,133,49,98,8,11,0.276,0.452,0.346,0.34,0.334,0.176,91,9,34.8,7.8,48.6,80.37926111,95.27544474,22.7,45.6
"Singer, Brady",663903,2022,349.3,153.1,140,150,35,55,10,5,0.247,0.397,0.3,0.309,0.304,0.15,89.3,8.6,33.2,8.2,40.9,78.53761702,94.1981568,22.9,44.3
"Singer, Brady",663903,2021,151.3,128.1,146,131,53,70,5,10,0.257,0.398,0.338,0.326,0.338,0.14,88.5,7,32.7,5.6,37.6,77.03614333,94.10183987,25.1,43.7
"Skubal, Tarik",669373,2021,259.3,149.1,141,164,47,72,8,12,0.267,0.508,0.332,0.357,0.327,0.241,90.5,14.1,35.3,13.9,45.1,78.79621285,95.45060283,26.7,48.9
"Smyly, Drew",592767,2023,206.3,142.1,147,141,56,79,11,11,0.241,0.401,0.348,0.313,0.315,0.16,87.6,19.2,35.9,7.3,33.6,76.25811928,93.49370858,27.1,46.6
"Smyly, Drew",592767,2021,230.6,126.2,133,117,41,63,11,4,0.267,0.471,0.342,0.342,0.327,0.203,88.8,14.9,36.1,10.1,39,77.57006845,94.2181538,24.9,49.9
"Snell, Blake",605483,2023,495,180,115,234,99,45,14,9,0.208,0.35,0.266,0.3,0.318,0.143,87.2,10.6,37,7.4,33.8,75.66726447,93.36491417,37.3,42.9
"Snell, Blake",605483,2022,295,128,103,171,51,48,8,10,0.207,0.337,0.282,0.279,0.286,0.13,90.1,17.1,39.2,7.4,39.5,80.4016029,94.17461149,32.8,47.9
"Snell, Blake",605483,2021,269.6,128.2,101,170,69,60,7,6,0.232,0.431,0.305,0.335,0.334,0.198,89.3,12.5,39.3,11,41.2,78.2789814,94.3982398,31.6,44.4
"Springs, Jeffrey",605488,2022,350.3,135.1,114,144,31,37,9,5,0.231,0.364,0.272,0.282,0.276,0.134,87.5,14.9,34,5.9,37.7,75.940205,93.58635698,29.5,50.3
"Steele, Justin",657006,2023,429.3,173.1,167,176,36,59,16,5,0.25,0.365,0.291,0.29,0.295,0.116,87.8,9.3,33.4,5.4,36.6,76.61452233,93.56474102,23.8,52.9
"Steele, Justin",657006,2022,223,119,111,126,50,42,4,7,0.237,0.336,0.296,0.295,0.316,0.099,87.1,7.5,31,3.9,33.7,76.15496945,93.10402358,24,47.3
"Strider, Spencer",675911,2023,550.6,186.2,146,281,58,80,20,5,0.205,0.345,0.279,0.273,0.275,0.14,88.5,17,40.2,8.2,36.1,77.7258957,93.78433377,38.6,53
"Strider, Spencer",675911,2022,416.6,131.2,86,202,45,39,11,5,0.179,0.279,0.235,0.242,0.254,0.1,88,14.1,32.7,6.1,36,77.31755863,93.43623007,34.9,50
"Stripling, Ross",548389,2022,316.3,134.1,117,111,20,45,10,4,0.251,0.395,0.268,0.293,0.281,0.144,88.9,12.2,34.7,9.2,37.2,78.1802297,93.89221469,23.5,51.5
"Stroman, Marcus",573186,2023,240.6,136.2,120,119,52,60,10,9,0.265,0.387,0.285,0.318,0.335,0.122,90.3,3,30.7,5,41.4,79.8502842,94.62567143,22.3,45.1
"Stroman, Marcus",573186,2022,261.6,138.2,123,119,36,54,6,7,0.254,0.389,0.291,0.308,0.306,0.136,89,7,32,6.6,40.7,77.84659276,94.27806424,22.4,45.9
"Stroman, Marcus",573186,2021,356,179,161,158,43,60,10,13,0.262,0.418,0.284,0.318,0.313,0.156,89.1,6.3,33.6,6.5,42,77.46844466,94.5965112,26.7,48.5
"Suarez, Ranger",624133,2023,191,125,129,119,48,58,4,6,0.262,0.403,0.325,0.321,0.33,0.141,87.8,8.1,35.3,7.5,36.1,76.42190169,93.62207436,23,45
"Suarez, Ranger",624133,2022,276.3,155.1,149,129,58,63,10,7,0.241,0.368,0.314,0.302,0.311,0.127,87.5,5.1,27.9,6.8,34.9,75.98613931,93.55424032,21.3,45.5
"Syndergaard, Noah",592789,2022,210.6,134.2,138,95,31,59,10,10,0.265,0.42,0.312,0.325,0.312,0.156,87.1,12.3,37.7,7.8,34,75.98866442,93.16336527,20.1,49.9
"Taillon, Jameson",592791,2023,229.3,154.1,156,140,41,83,8,10,0.259,0.462,0.322,0.332,0.311,0.203,88.3,16.7,36.2,10.7,38.4,76.8280185,94.06418605,22,49.1
"Taillon, Jameson",592791,2022,373.3,177.1,168,151,32,77,14,5,0.26,0.432,0.308,0.317,0.297,0.172,88.5,14.5,34.5,8.3,36.2,77.23819662,94.01026444,23,49.1
"Taillon, Jameson",592791,2021,270.3,144.1,130,140,44,69,8,6,0.23,0.401,0.309,0.304,0.295,0.171,88.9,20.9,33.9,8.2,40.4,78.10408356,94.06721274,26.4,50.8
"Thompson, Zach",605507,2022,94.6,121.2,138,90,46,70,3,10,0.281,0.442,0.346,0.346,0.346,0.161,88.3,11.3,34.2,6.4,39.6,76.8896006,93.9244305,24,47
"Urias, Julio",628711,2022,489,175,127,166,41,42,17,7,0.205,0.332,0.263,0.262,0.258,0.128,86.7,17.2,29.6,6.7,30.4,75.83897449,92.83156315,23.7,51.8
"Urias, Julio",628711,2021,524.6,185.2,151,195,38,61,20,3,0.219,0.36,0.266,0.273,0.266,0.141,86,15.5,31.7,5.3,30.3,74.37826752,92.76347754,24.1,51.3
"Urquidy, Jose",664353,2022,315.3,164.1,154,134,38,72,13,8,0.256,0.449,0.316,0.329,0.306,0.193,89.7,17.2,34.7,9.4,40.8,79.0482898,94.32526205,22.3,52
"Valdez, Framber",664285,2023,424,198,166,200,57,76,12,11,0.253,0.41,0.287,0.32,0.317,0.157,91.5,4.2,30.9,8,45.6,81.84459087,95.10129987,26.7,47.2
"Valdez, Framber",664285,2022,493.3,201.1,166,194,67,63,17,6,0.227,0.33,0.272,0.284,0.301,0.102,89.8,-3.6,24,5.8,41.6,78.81729982,94.70699265,25.6,47
"Valdez, Framber",664285,2021,290.6,134.2,110,125,58,47,11,6,0.231,0.343,0.288,0.301,0.324,0.112,90.8,-5.5,21.4,5.8,44.4,80.44240186,94.90935976,26,42.4
"Verlander, Justin",434378,2023,355.3,162.1,139,144,45,58,13,8,0.229,0.391,0.284,0.295,0.287,0.163,90,18.9,30.5,8.2,41.3,79.99040602,94.26951297,22.5,49.6
"Verlander, Justin",434378,2022,567,175,116,185,29,34,18,4,0.207,0.331,0.222,0.255,0.248,0.124,87.8,16.9,32.5,6.3,34.8,77.13579434,93.33058819,24.2,53.7
"Wacha, Michael",608379,2023,324.3,134.1,113,124,43,48,14,4,0.25,0.421,0.291,0.318,0.312,0.171,88.1,18.5,38.6,7.3,35.5,77.38429581,93.5172127,24.6,47.9
"Wacha, Michael",608379,2022,294.3,127.1,111,104,31,47,11,2,0.254,0.446,0.301,0.329,0.306,0.192,88.2,12.8,35.4,9.6,35.4,76.73331,93.92688421,20.7,50.5
"Wacha, Michael",608379,2021,180.6,124.2,132,121,31,70,3,5,0.283,0.499,0.334,0.355,0.33,0.216,89.9,13.3,39.8,10.5,43,78.63348082,94.87036658,23,53.6
"Wainwright, Adam",425794,2022,307.6,191.2,192,143,54,79,11,12,0.27,0.419,0.306,0.328,0.326,0.148,87.8,11,37.4,6.5,36.6,76.63692766,93.59496988,16.9,43.5
"Wainwright, Adam",425794,2021,484.3,206.1,168,174,50,70,17,7,0.251,0.388,0.273,0.302,0.304,0.137,88.2,10,34.3,6.2,35.6,77.65633007,93.42671367,19.7,43.8
"Waldichuk, Ken",686610,2023,142,141,149,132,71,84,4,9,0.242,0.42,0.361,0.332,0.337,0.178,88.3,14.5,34.7,7.7,38.5,77.10348882,93.79839827,25.1,47.5
"Walker, Taijuan",592836,2023,305.6,172.2,155,138,71,84,15,6,0.248,0.405,0.313,0.322,0.329,0.157,89.1,11.1,33.1,6.8,40.9,77.90190008,94.41770536,20.5,44.1
"Walker, Taijuan",592836,2022,328.3,157.1,143,132,45,61,12,5,0.245,0.395,0.293,0.308,0.305,0.15,89.3,11.3,33.7,7.3,40.6,78.83977178,94.00831398,23.6,47.3
"Walker, Taijuan",592836,2021,257,159,133,146,55,79,7,11,0.246,0.442,0.301,0.328,0.314,0.197,89.1,12.4,30.5,10,39.4,78.12519686,94.20282884,23.4,46.2
"Weaver, Luke",596133,2023,92.6,123.2,155,109,40,88,3,6,0.286,0.494,0.385,0.357,0.34,0.209,89.3,15.4,40.2,9.8,42,78.04239848,94.5086799,21.6,47.3
"Webb, Logan",657277,2023,444,216,201,194,31,78,11,13,0.255,0.395,0.283,0.295,0.287,0.14,90.7,0.6,28.4,6.9,46,79.69594423,95.25216736,20.7,47.4
"Webb, Logan",657277,2022,422.3,192.1,174,163,49,62,15,9,0.247,0.364,0.283,0.295,0.301,0.116,88.9,3.1,29.3,5.5,39,78.05377022,94.04329137,24,47.3
"Webb, Logan",657277,2021,378.3,148.1,128,158,36,50,11,3,0.23,0.329,0.274,0.276,0.288,0.099,88.1,-0.5,28.2,5.6,38.8,76.48803928,94.01339227,28.7,46.6
"Wheeler, Zack",554430,2023,462,192,168,212,39,77,13,6,0.23,0.351,0.277,0.277,0.277,0.122,86.9,14.2,35.1,5.1,36.4,75.39358592,93.26742057,28.6,51.3
"Wheeler, Zack",554430,2022,392,153,125,163,34,48,12,7,0.226,0.343,0.275,0.275,0.278,0.117,85.9,11.4,34,7.7,34.5,73.07377575,93.38915115,25.1,50.5
"Wheeler, Zack",554430,2021,559.3,213.1,169,247,46,66,14,10,0.215,0.318,0.257,0.258,0.265,0.103,84.6,8.4,31.2,4.6,28.5,71.90224295,92.68896537,26.5,51.9
"Williams, Trevor",592866,2023,115.3,144.1,178,111,52,89,6,10,0.281,0.501,0.377,0.36,0.342,0.22,88.3,15.9,36.9,10.2,38.6,77.00541603,93.99725448,19,47.1
"Wilson, Bryse",669060,2022,88.6,115.2,132,79,32,71,3,9,0.291,0.474,0.356,0.358,0.347,0.183,90.9,11.5,37.6,7.7,43.8,80.68083332,94.94142239,17.8,47.8
"Wood, Alex",622072,2022,191.6,130.2,132,131,30,74,8,12,0.248,0.397,0.315,0.31,0.305,0.15,88.6,8.5,33.8,7.1,39.8,77.68885042,93.93483844,25,48.1
"Wood, Alex",622072,2021,314.6,138.2,125,152,39,59,10,4,0.239,0.377,0.298,0.304,0.311,0.137,89.7,7.1,33.1,5.3,40.5,79.4424607,94.22462027,27.3,47.5
"Woodruff, Brandon",605540,2022,426.3,153.1,122,190,42,52,13,4,0.212,0.349,0.282,0.277,0.273,0.137,88.8,16.8,34.1,7.1,37.5,77.94720367,93.9832442,31.1,49.4
"Woodruff, Brandon",605540,2021,468.3,179.1,130,211,43,51,9,10,0.226,0.353,0.252,0.279,0.281,0.127,86.2,10.6,36,5.8,32.7,73.41216332,93.48791715,28.2,51.1
"Wright, Kyle",657140,2022,457.3,180.1,156,174,53,64,21,5,0.244,0.384,0.288,0.306,0.308,0.139,89,4.4,31.1,6.8,41.1,77.91417628,94.36428554,26.3,48.8
"Yarbrough, Ryan",642232,2021,226,155,163,117,27,88,9,7,0.272,0.436,0.325,0.323,0.312,0.165,84.8,17.3,37.6,7.8,28.2,72.60564557,92.51757496,21.1,48.8
